ITENS,ATIVIDADE,DESCRIÇÃO,SETOR,ATIVIDADE1,RESPONSÁVEL ,ETAPA,A BAGUNÇA,LAVOR,FINGER,JCARLOS,ARC SPACE,HABILIS BANC.,HABILIS BESSA,,,,,,,,,,,,,,,,,,
1,CONTRATOS,,,,,,,,,,,,,,,,,,,,,,,,,,,,,,
1.1,CONTRATOS DE AQUISIÇÃO DO TERRENO,Se o terreno foi comprado para o empreendimento,DIRETORIA,JURÍDICO,LAMARCK,PRÉ-OBRA,NÃO SE APLICA,NÃO SE APLICA,NÃO SE APLICA,NÃO SE APLICA,SIM,NÃO SE APLICA,NÃO SE APLICA,,,,,,,,,,,,,,,,,,
1.2,CONTRATAÇÃO DA CONSTRUTORA,,DIRETORIA,JURÍDICO,LAMARCK,PRÉ-OBRA,SIM,SIM,SIM,SIM,SIM,SIM,SIM,,,,,,,,,,,,,,,,,,
1.3,CONTRATAÇÃO DA EMPREITEIRA,Se houver terceirização da execução da obra,ENGENHEIRO,ENGENHEIRO,DIRETORIA/ENG DA OBRA,PRÉ-OBRA,NÃO SE APLICA,SIM,NÃO SE APLICA,SIM,NÃO SE APLICA,SIM,SIM,,,,,,,,,,,,,,,,,,
1.4,CONTRATAÇÃO DO PROJETO ARQUITETONICO,,DIRETORIA,PLANEJAMENTO,LAMARCK,PRÉ-OBRA,SIM,SIM,SIM,SIM,SIM,SIM,SIM,,,,,,,,,,,,,,,,,,
10,RECURSOS HUMANOS E SEGURANÇA,,,,,,,,,,,,,,,,,,,,,,,,,,,,,,
10.1,"CONTRATAÇÃO DA EQUIPE TÉCNICA DE OBRA (MESTRE, ALMOXARIFE, ESTAGIÁRIOS)",,ENGENHARIA,CANTEIRO,BIANCA,PRÉ-OBRA,SIM,SIM,SIM,SIM,ANDAMENTO,SIM,SIM,,,,,,,,,,,,,,,,,,
10.2,RECRUTAMENTO DE PESSOAL (MÃO-DE-OBRA DIRETA - OPERÁRIOS),,ENGENHARIA,CANTEIRO,BIANCA,EXECUÇÃO,SIM,SIM,NÃO SE APLICA,SIM,ANDAMENTO,SIM,SIM,,,,,,,,,,,,,,,,,,
10.3,"SEGURANÇA DA OBRA (ALARME, VIGILÂNCIA, ETC)",,SEGURANÇA,SEGURANÇA,,EXECUÇÃO,SIM,SIM,NÃO SE APLICA,SIM,SIM,SIM,SIM,,,,,,,,,,,,,,,,,,
10.4,LIVRO DE INSPEÇÃO DO TRABALHO,Controle das condições de segurança e jornada dos trabalhadores,SEGURANÇA/ENGENHARIA,,,EXECUÇÃO,NÃO SE APLICA,NÃO SE APLICA,NÃO SE APLICA,PENDENTE,PENDENTE,NÃO SE APLICA,NÃO SE APLICA,,,,,,,,,,,,,,,,,,
10.5,LIVRO DE INSPEÇÃO DE EQUIPAMENTOS DE OBRA,Manutenção e uso correto de EPIs e máquinas,SEGURANÇA/ENGENHARIA,,,EXECUÇÃO,NÃO SE APLICA,NÃO SE APLICA,NÃO SE APLICA,PENDENTE,PENDENTE,NÃO SE APLICA,NÃO SE APLICA,,,,,,,,,,,,,,,,,,
10.6,PGR ,,SEGURANÇA,SEGURANÇA,,EXECUÇÃO,SIM,SIM,SIM,SIM,ANDAMENTO,SIM,SIM,,,,,,,,,,,,,,,,,,
10.7,PCMSO - SEGURANÇA E MEDICINA DO TRABALHO (DIMENSIONAMENTO DA EQUIPE),,SEGURANÇA,SEGURANÇA,,EXECUÇÃO,SIM,SIM,NÃO SE APLICA,SIM,ANDAMENTO,NÃO SE APLICA,NÃO SE APLICA,,,,,,,,,,,,,,,,,,
10.8,RELÓGIO DE PONTO,,RECURSOS HUMANOS,CANTEIRO,GIOVANNA,PRÉ-OBRA,SIM,SIM,SIM,NÃO SE APLICA,SIM,NÃO SE APLICA,NÃO SE APLICA,,,,,,,,,,,,,,,,,,
11,FINANCIAMENTO E SEGUROS,,,,,,,,,,,,,,,,,,,,,,,,,,,,,,
11.1,DOCUMENTAÇÃO PARA ABERTURA DE PROCESSO DE FINANCIAMENTO BANCÁRIO,Se houver crédito imobiliário envolvido,ADMINISTRATIVO,DOCUMENTAÇÃO,LAISA,PRÉ-OBRA,NÃO SE APLICA,NÃO SE APLICA,NÃO SE APLICA,NÃO SE APLICA,NÃO SE APLICA,NÃO SE APLICA,NÃO SE APLICA,,,,,,,,,,,,,,,,,,
11.2,"SEGURO (RISCO DE ENGENHARIA, RESPONSABILIDADE CIVIL, ACIDENTE DE TRABALHO, ETC.)",,RECURSOS HUMANOS,DOCUMENTAÇÃO,GIOVANA,PRÉ-OBRA,NÃO SE APLICA,NÃO SE APLICA,NÃO SE APLICA,NÃO SE APLICA,NÃO SE APLICA,NÃO SE APLICA,NÃO SE APLICA,,,,,,,,,,,,,,,,,,
11.3,CONVÊNIO HOSPITALAR,,RECURSOS HUMANOS,DOCUMENTAÇÃO,GIOVANA,PRÉ-OBRA,NÃO SE APLICA,NÃO SE APLICA,NÃO SE APLICA,NÃO SE APLICA,NÃO SE APLICA,NÃO SE APLICA,NÃO SE APLICA,,,,,,,,,,,,,,,,,,
12,ESTRATÉGIA DE MARCA E MARKETING ,,,,,,,,,,,,,,,,,,,,,,,,,,,,,,
12.1,ESTRATÉGIA DE MARCA DO EMPREENDIMENTO,,COMERCIAL,MARKETING,RAFAEL,PRÉ-OBRA,NÃO SE APLICA,NÃO SE APLICA,NÃO SE APLICA,NÃO SE APLICA,NÃO SE APLICA,NÃO SE APLICA,NÃO SE APLICA,,,,,,,,,,,,,,,,,,
12.2,IDENTIFICAÇÃO VISUAL,,COMERCIAL,MARKETING,RAFAEL,PRÉ-OBRA,NÃO SE APLICA,NÃO SE APLICA,NÃO SE APLICA,NÃO SE APLICA,NÃO SE APLICA,NÃO SE APLICA,NÃO SE APLICA,,,,,,,,,,,,,,,,,,
12.3,FOTOS DO MARKETING ,,COMERCIAL,MARKETING,RAFAEL,PRÉ-OBRA,SIM,SIM,SIM,PENDENTE,SIM,SIM,SIM,,,,,,,,,,,,,,,,,,
12.4,MOBILIÁRIO ,"Definição e aquisição de móveis para áreas comuns, showroom e unidades decoradas",ARQUITETURA,ARQUITETURA,TATIANE,PRÉ-OBRA,NÃO SE APLICA,NÃO SE APLICA,NÃO SE APLICA,NÃO SE APLICA,NÃO SE APLICA,NÃO SE APLICA,NÃO SE APLICA,,,,,,,,,,,,,,,,,,
13,PÓS-OBRA E ENTREGA DO EMPREENDIMENTO,,,,,,,,,,,,,,,,,,,,,,,,,,,,,,
13.1,LO - LICENÇA DE OPERAÇÃO ,Quando houver exigências ambientais para funcionamento do empreendimento,ADMINISTRATIVO,DOCUMENTAÇÃO,LAISA,PÓS -OBRA,SIM,SIM,SIM,PENDENTE,PENDENTE,ANDAMENTO,SIM,,,,,,,,,,,,,,,,,,
13.10,MANUAL DO PROPRIETARIO,,PLANEJAMENTO,DOCUMENTAÇÃO,BIANCA,PÓS -OBRA,NÃO SE APLICA,NÃO SE APLICA,NÃO SE APLICA,PENDENTE,PENDENTE,NÃO SE APLICA,NÃO SE APLICA,,,,,,,,,,,,,,,,,,
13.11,TERMO DE ENTREGA DAS UNIDADES AOS PROPRIETÁRIOS,,PLANEJAMENTO,DOCUMENTAÇÃO,CYNTHIA,PÓS -OBRA,NÃO SE APLICA,NÃO SE APLICA,NÃO SE APLICA,PENDENTE,NÃO SE APLICA,NÃO SE APLICA,NÃO SE APLICA,,,,,,,,,,,,,,,,,,
13.12,TERMO DE ENTREGA DAS ÁREAS COMUNS,,PLANEJAMENTO,DOCUMENTAÇÃO,CYNTHIA,PÓS -OBRA,NÃO SE APLICA,NÃO SE APLICA,NÃO SE APLICA,PENDENTE,NÃO SE APLICA,NÃO SE APLICA,NÃO SE APLICA,,,,,,,,,,,,,,,,,,
13.13,EVENTO DE ENTREGA,,COMERCIAL,MARKETING,RAFAEL,PÓS -OBRA,NÃO SE APLICA,NÃO SE APLICA,NÃO SE APLICA,NÃO SE APLICA,NÃO SE APLICA,NÃO SE APLICA,NÃO SE APLICA,,,,,,,,,,,,,,,,,,
13.14,CONTRATAR ADM DE CONDOMINIO ,,ADMINISTRATIVO,ADMINISTRATIVO,TATIANE,PÓS -OBRA,NÃO SE APLICA,NÃO SE APLICA,NÃO SE APLICA,NÃO SE APLICA,NÃO SE APLICA,NÃO SE APLICA,NÃO SE APLICA,,,,,,,,,,,,,,,,,,
13.2,VISTORIA DOS BOMBEIRO,,OPERAÇÃO,REGULARIZAÇÃO,ENG. OBRA,PÓS -OBRA,NÃO SE APLICA,NÃO SE APLICA,NÃO SE APLICA,PENDENTE,ANDAMENTO,PENDENTE,SIM,,,,,,,,,,,,,,,,,,
13.3,PLACA FUNJOPE,,ADMINISTRATIVO/DIRETORIA,DOCUMENTAÇÃO,LAISA/RAFAEL,PÓS -OBRA,NÃO SE APLICA,NÃO SE APLICA,NÃO SE APLICA,NÃO SE APLICA,PENDENTE,SIM,SIM,,,,,,,,,,,,,,,,,,
13.4,ESPECIFICAÇÃO TÉCNICA (JOÃO PESSOA),,PLANEJAMENTO,DOCUMENTAÇÃO,BIANCA,PÓS -OBRA,SIM,SIM,SIM,SIM,PENDENTE,PENDENTE,SIM,,,,,,,,,,,,,,,,,,
13.5,CREF (JOÃO PESSOA) ,,ADMINISTRATIVO,DOCUMENTAÇÃO,LAISA,PÓS -OBRA,SIM,SIM,SIM,PENDENTE,PENDENTE,PENDENTE,ANDAMENTO,,,,,,,,,,,,,,,,,,
13.6,HABITE-SE,Certificado que autoriza a ocupação do imóvel,ADMINISTRATIVO,DOCUMENTAÇÃO,LAISA,PÓS -OBRA,ANDAMENTO,SIM,SIM,PENDENTE,PENDENTE,PENDENTE,PENDENTE,,,,,,,,,,,,,,,,,,
13.7,AVERBAÇÃO DE CONSTRUÇÃO ,Registro da obra finalizada na matrícula do imóvel,ADMINISTRATIVO,DOCUMENTAÇÃO,LAISA,PÓS -OBRA,PENDENTE,PENDENTE,NÃO SE APLICA,PENDENTE,PENDENTE,PENDENTE,PENDENTE,,,,,,,,,,,,,,,,,,
13.8,MEMORIAL DESCRITIVO (CABEDELO),,PLANEJAMENTO,DOCUMENTAÇÃO,BIANCA,PÓS -OBRA,NÃO SE APLICA,NÃO SE APLICA,NÃO SE APLICA,NÃO SE APLICA,NÃO SE APLICA,NÃO SE APLICA,NÃO SE APLICA,,,,,,,,,,,,,,,,,,
13.9,ISS (CABEDELO),,ADMINISTRATIVO,DOCUMENTAÇÃO,LAISA,PÓS -OBRA,NÃO SE APLICA,NÃO SE APLICA,NÃO SE APLICA,NÃO SE APLICA,NÃO SE APLICA,NÃO SE APLICA,NÃO SE APLICA,,,,,,,,,,,,,,,,,,
2,DOCUMENTAÇÃO DO TERRENO,,,,,,,,,,,,,,,,,,,,,,,,,,,,,,
2.1,EMISSÃO DE ITBI,,ADMINISTRATIVO,DOCUMENTAÇÃO,LAISA ,PRÉ-OBRA,NÃO SE APLICA,NÃO SE APLICA,NÃO SE APLICA,NÃO SE APLICA,NÃO SE APLICA,NÃO SE APLICA,NÃO SE APLICA,,,,,,,,,,,,,,,,,,
2.2,ESCRITURA DO TERRENO,,ADMINISTRATIVO,DOCUMENTAÇÃO,LAISA ,PRÉ-OBRA,SIM,SIM,SIM,SIM,SIM,SIM,SIM,,,,,,,,,,,,,,,,,,
2.3,MATRÍCULA ATUALIZADA DO IMÓVEL,Confirma a propriedade e permite registros posteriores,ADMINISTRATIVO,DOCUMENTAÇÃO,LAISA ,PRÉ-OBRA,SIM,SIM,SIM,SIM,SIM,SIM,SIM,,,,,,,,,,,,,,,,,,
2.4,CERTIDÃO DE USO E OCUPAÇÃO DO SOLO (QUANDO APLICÁVEL),Verifica se o terreno pode ser usado para a finalidade desejada,ADMINISTRATIVO,DOCUMENTAÇÃO,LAISA ,PRÉ-OBRA,SIM,SIM,SIM,SIM,SIM,SIM,SIM,,,,,,,,,,,,,,,,,,
2.5,CERTIDÃO DE LIMITES E CONFRONTAÇÕES (QUANDO APLICÁVEL),Garante que não há sobreposição com terrenos vizinhos,ADMINISTRATIVO,DOCUMENTAÇÃO,LAISA ,PRÉ-OBRA,NÃO SE APLICA,NÃO SE APLICA,NÃO SE APLICA,NÃO SE APLICA,SIM,NÃO SE APLICA,NÃO SE APLICA,,,,,,,,,,,,,,,,,,
2.6,CND - DEMOLIÇÃO,Comprova que não há pendências fiscais ou judiciais sobre o imóvel,ADMINISTRATIVO,DOCUMENTAÇÃO,LAISA ,PRÉ-OBRA,NÃO SE APLICA,SIM,NÃO SE APLICA,NÃO SE APLICA,NÃO SE APLICA,NÃO SE APLICA,NÃO SE APLICA,,,,,,,,,,,,,,,,,,
2.7,CND - CONSTRUÇÃO,Comprova que não há pendências fiscais ou judiciais sobre o imóvel,ADMINISTRATIVO,DOCUMENTAÇÃO,LAISA ,PÓS-OBRA,SIM,SIM,NÃO SE APLICA,PENDENTE,PENDENTE,PENDENTE,SIM,,,,,,,,,,,,,,,,,,
3,ESTUDOS E LEVANTAMENTOS TÉCNICOS,Define parâmetros de ocupação do solo para aprovação do projeto,,,,,,,,,,,,,,,,,,,,,,,,,,,,,
3.1,PLANALITIMÉTRICO/TOPOGRAFIA,,ENGENHARIA,PROJETOS,ENG. OBRA,PRÉ-OBRA,NÃO SE APLICA,NÃO SE APLICA,NÃO SE APLICA,SIM,SIM,SIM,SIM,,,,,,,,,,,,,,,,,,
3.2,LEVANTAMENTO FOTOGRÁFICO COM DRONE,fundamental para definir cotas e relevo do terreno,COMERCIAL,PROJETOS,RAFAEL,PRÉ-OBRA,NÃO SE APLICA,NÃO SE APLICA,NÃO SE APLICA,NÃO SE APLICA,SIM,NÃO SE APLICA,SIM,,,,,,,,,,,,,,,,,,
3.3,SONDAGEM DE SOLO DO TERRENO,documentação visual do terreno e entorno antes da obra,ENGENHARIA,ENGENHARIA,ENG. OBRA,PRÉ-OBRA,SIM,SIM,SIM,SIM,SIM,SIM,SIM,,,,,,,,,,,,,,,,,,
3.4,TESTE DE ABSORÇÃO DO SOLO,determina a resistência do solo para a fundação da obra,ENGENHARIA,PROJETOS,ENG. OBRA,PRÉ-OBRA,NÃO SE APLICA,NÃO SE APLICA,NÃO SE APLICA,NÃO SE APLICA,SIM,NÃO SE APLICA,NÃO SE APLICA,,,,,,,,,,,,,,,,,,
4,PROJETOS TÉCNICOS,Para drenagem e compatibilidade com fundações,,,,,,,,,,,,,,,,,,,,,,,,,,,,,
4.10,PROJETO INSTALAÇÕES ELÉTRICAS E SPDA + ART,,PLANEJAMENTO,PROJETOS,BIANCA / ENG. OBRA,PRÉ-OBRA,NÃO SE APLICA,NÃO SE APLICA,NÃO SE APLICA,SIM,ANDAMENTO,SIM,SIM,,,,,,,,,,,,,,,,,,
4.11,PROJETO INSTALAÇÕES HIDROSANITÁRIAS + ART,levantamento inicial para definição do escopo do projeto,PLANEJAMENTO,PROJETOS,BIANCA / ENG. OBRA,PRÉ-OBRA,SIM,SIM,SIM,SIM,ANDAMENTO,SIM,SIM,,,,,,,,,,,,,,,,,,
4.12,PROJETO DE CLIMATIZAÇÃO + ART,,PLANEJAMENTO,PROJETOS,BIANCA / ENG. OBRA,PRÉ-OBRA,SIM,SIM,SIM,ANDAMENTO,ANDAMENTO,SIM,SIM,,,,,,,,,,,,,,,,,,
4.13,PROJETO INSTALAÇÕES CFTV+ ART,,PLANEJAMENTO,PROJETOS,BIANCA / ENG. OBRA,PRÉ-OBRA,NÃO SE APLICA,NÃO SE APLICA,NÃO SE APLICA,SIM,ANDAMENTO,NÃO SE APLICA,NÃO SE APLICA,,,,,,,,,,,,,,,,,,
4.14,"PROJETO INSTALAÇÕES TELECOMUNICAÇÕES (TV, INTERFONE, TELEFONE)+ ART",,PLANEJAMENTO,PROJETOS,BIANCA / ENG. OBRA,PRÉ-OBRA,NÃO SE APLICA,NÃO SE APLICA,NÃO SE APLICA,SIM,ANDAMENTO,NÃO SE APLICA,NÃO SE APLICA,,,,,,,,,,,,,,,,,,
4.15,PROJETO DE COMPATIBILIZAÇÃO,circuito de câmeras de segurança,PLANEJAMENTO,PROJETOS,BIANCA / ENG. OBRA,PRÉ-OBRA,SIM,SIM,SIM,NÃO SE APLICA,PENDENTE,SIM,SIM,,,,,,,,,,,,,,,,,,
4.16,PROJETO DE IPERMEABILIZAÇÃO+ ART,,PLANEJAMENTO,PROJETOS,BIANCA / ENG. OBRA,PRÉ-OBRA,SIM,SIM,SIM,NÃO SE APLICA,ANDAMENTO,SIM,SIM,,,,,,,,,,,,,,,,,,
4.17,PROJETO DE ESQUADRIAS + ART,,PLANEJAMENTO,PROJETOS,BIANCA / ENG. OBRA,PRÉ-OBRA,NÃO SE APLICA,NÃO SE APLICA,NÃO SE APLICA,SIM,PENDENTE,NÃO SE APLICA,NÃO SE APLICA,,,,,,,,,,,,,,,,,,
4.18,PROJETO DE CANTEIRO + ART,,ENGENHARIA,ENGENHARIA,BIANCA / ENG. OBRA,PRÉ-OBRA,SIM,SIM,SIM,SIM,SIM,SIM,SIM,,,,,,,,,,,,,,,,,,
4.19,PROJETOS COMPLEMENTARES DE CANTEIRO + ART,,ENGENHARIA,CANTEIRO,BIANCA / ENG. OBRA,PRÉ-OBRA,SIM,SIM,SIM,SIM,SIM,SIM,SIM,,,,,,,,,,,,,,,,,,
4.2,PROJETO DE REMEMBRAMENTO E/OU DESMEMBRAMENTO DOS LOTES (QUANDO APLICÁVEL),,PLANEJAMENTO,DOCUMENTAÇÃO,BIANCA / ENG. OBRA,PRÉ-OBRA,SIM,SIM,SIM,NÃO SE APLICA,NÃO SE APLICA,NÃO SE APLICA,NÃO SE APLICA,,,,,,,,,,,,,,,,,,
4.20,PROJETO DE AMBIENTAÇÃO,,PLANEJAMENTO,PROJETOS,BIANCA / ENG. OBRA,PRÉ-OBRA,NÃO SE APLICA,NÃO SE APLICA,NÃO SE APLICA,SIM,ANDAMENTO,NÃO SE APLICA,NÃO SE APLICA,,,,,,,,,,,,,,,,,,
4.3,PROJETO ARQUITETÔNICO + RRT,,PLANEJAMENTO,PROJETOS,BIANCA / ENG. OBRA,PRÉ-OBRA,SIM,SIM,SIM,SIM,ANDAMENTO,SIM,SIM,,,,,,,,,,,,,,,,,,
4.4,PROJETO INSTALAÇÕES COMBATE A INCÊNDIO + ART,,PLANEJAMENTO,PROJETOS,BIANCA / ENG. OBRA,PRÉ-OBRA,SIM,SIM,SIM,SIM,ANDAMENTO,SIM,SIM,,,,,,,,,,,,,,,,,,
4.5,PROJETO DE GESTÃO DE RESÍDUOS SÓLIDOS PARA CONSTRUÇÃO CIVIL (CONFORME RESOLUÇÃO 307 DO CONAMA) - PGRCC,,PLANEJAMENTO,DOCUMENTAÇÃO,BIANCA / ENG. OBRA,PRÉ-OBRA,NÃO SE APLICA,NÃO SE APLICA,NÃO SE APLICA,SIM,SIM,NÃO SE APLICA,NÃO SE APLICA,,,,,,,,,,,,,,,,,,
4.6,PROJETO DE CONTENÇÃO,,PLANEJAMENTO,ENGENHARIA,BIANCA / ENG. OBRA,PRÉ-OBRA,SIM,SIM,SIM,SIM,SIM,SIM,SIM,,,,,,,,,,,,,,,,,,
4.7,PROJETO DE FUNDAÇÃO,,PLANEJAMENTO,PROJETOS,BIANCA / ENG. OBRA,PRÉ-OBRA,NÃO SE APLICA,NÃO SE APLICA,NÃO SE APLICA,SIM,PENDENTE,NÃO SE APLICA,NÃO SE APLICA,,,,,,,,,,,,,,,,,,
4.8,PROJETO ESTRUTURAL + ART,,PLANEJAMENTO,PROJETOS,BIANCA / ENG. OBRA,PRÉ-OBRA,SIM,SIM,SIM,SIM,ANDAMENTO,SIM,SIM,,,,,,,,,,,,,,,,,,
4.9,DEFINIÇÃO DE PROJETISTAS COMPLEMENTARES,,PLANEJAMENTO,ENGENHARIA,BIANCA / ENG. OBRA,PRÉ-OBRA,SIM,SIM,SIM,SIM,SIM,SIM,SIM,,,,,,,,,,,,,,,,,,
5,DOCUMENTAÇÃO LEGAL DA CONSTRUTORA,,,,,,,,,,,,,,,,,,,,,,,,,,,,,,
5.1,CRIAR INSCRIÇÃO ESTADUAL E MUNICIPAL ,,CONTABILIDADE,DOCUMENTAÇÃO,DIRETORIA,PRÉ-OBRA,NÃO SE APLICA,NÃO SE APLICA,NÃO SE APLICA,NÃO SE APLICA,SIM,NÃO SE APLICA,NÃO SE APLICA,,,,,,,,,,,,,,,,,,
5.2,CRIAR CNPJ E CONTRATO SOCIAL DA SPE,,CONTABILIDADE,DOCUMENTAÇÃO,DIRETORIA,PRÉ-OBRA,NÃO SE APLICA,NÃO SE APLICA,NÃO SE APLICA,NÃO SE APLICA,SIM,NÃO SE APLICA,NÃO SE APLICA,,,,,,,,,,,,,,,,,,
5.3,REGISTRO DE INCORPORAÇÃO (RI),,ADMINISTRATIVO,DOCUMENTAÇÃO,LAISA,PRÉ-OBRA,NÃO SE APLICA,NÃO SE APLICA,NÃO SE APLICA,NÃO SE APLICA,PENDENTE,NÃO SE APLICA,NÃO SE APLICA,,,,,,,,,,,,,,,,,,
5.4,CONVENÇÃO DE CONDOMINIO,,ADMINISTRATIVO,DOCUMENTAÇÃO,LAISA,PÓS-OBRA,NÃO SE APLICA,NÃO SE APLICA,NÃO SE APLICA,NÃO SE APLICA,PENDENTE,NÃO SE APLICA,NÃO SE APLICA,,,,,,,,,,,,,,,,,,
5.5,AFETAÇÃO  (PREDIOS),,ADMINISTRATIVO,DOCUMENTAÇÃO,LAISA,PRÉ-OBRA,NÃO SE APLICA,NÃO SE APLICA,NÃO SE APLICA,NÃO SE APLICA,PENDENTE,NÃO SE APLICA,NÃO SE APLICA,,,,,,,,,,,,,,,,,,
6,LICENCIAMENTOS E AUTORIZAÇÕES,,,,,,,,,,,,,,,,,,,,,,,,,,,,,,
6.1,EIV (ESTUDO DE IMPACTO DE VIZINHANÇA),,ENGENHARIA,ENGENHARIA,ENG. OBRA,PRÉ-OBRA,NÃO SE APLICA,NÃO SE APLICA,NÃO SE APLICA,NÃO SE APLICA,SIM,SIM,SIM,,,,,,,,,,,,,,,,,,
6.10,ALVARÁ DE CONSTRUÇÃO,,ADMINISTRATIVO,DOCUMENTAÇÃO,LAISA ,PRÉ-OBRA,SIM,SIM,SIM,SIM,ANDAMENTO,ANDAMENTO,SIM,,,,,,,,,,,,,,,,,,
6.11,LI - LICENÇA DE INSTALAÇÃO ,avalia impactos da obra na vizinhança e pode ser exigido pela prefeitura,ADMINISTRATIVO,DOCUMENTAÇÃO,LAISA ,PRÉ-OBRA,SIM,SIM,SIM,SIM,PENDENTE,SIM,SIM,,,,,,,,,,,,,,,,,,
6.12,PLACA DE LICENÇA AMBIENTAL,Autorização principal para iniciar as obras,ADMINISTRATIVO,DOCUMENTAÇÃO,LAISA,PRÉ-OBRA,SIM,SIM,SIM,SIM,PENDENTE,SIM,SIM,,,,,,,,,,,,,,,,,,
6.13,LEED (PRÉ-REQUISITO PARA CERTIFICAÇÃO SUSTENTÁVEL),Para empreendimentos sujeitos a licenciamento ambiental,DIRETORIA,DOCUMENTAÇÃO,LAMARCK,EXECUÇÃO,NÃO SE APLICA,NÃO SE APLICA,NÃO SE APLICA,NÃO SE APLICA,NÃO SE APLICA,NÃO SE APLICA,NÃO SE APLICA,,,,,,,,,,,,,,,,,,
6.14,LICENÇA PARA TAPUMES/PASSEIO PÚBLICO (QUANDO NECESSÁRIO),,ADMINISTRATIVO,DOCUMENTAÇÃO,LAISA,PRÉ-OBRA,NÃO SE APLICA,NÃO SE APLICA,NÃO SE APLICA,NÃO SE APLICA,NÃO SE APLICA,NÃO SE APLICA,NÃO SE APLICA,,,,,,,,,,,,,,,,,,
6.15,ALVARÁ DE CONSTRUÇÃO DO CANTEIRO DE OBRA,se o empreendimento for buscar certificação ambiental,ADMINISTRATIVO,DOCUMENTAÇÃO,LAISA ,PRÉ-OBRA,NÃO SE APLICA,NÃO SE APLICA,NÃO SE APLICA,ANDAMENTO,ANDAMENTO,SIM,SIM,,,,,,,,,,,,,,,,,,
6.16,ALVARÁ DE DEMOLIÇÃO DO STAND DE VENDAS (QUANDO HOUVER),,ADMINISTRATIVO,DOCUMENTAÇÃO,LAISA,PRÉ-OBRA,NÃO SE APLICA,SIM,NÃO SE APLICA,NÃO SE APLICA,NÃO SE APLICA,NÃO SE APLICA,NÃO SE APLICA,,,,,,,,,,,,,,,,,,
6.17,ALVARÁ DE CONSTRUÇÃO DO STAND DE VENDAS (QUANDO HOUVER),Para montar a infraestrutura temporária da obra,ADMINISTRATIVO,DOCUMENTAÇÃO,LAISA,PRÉ-OBRA,NÃO SE APLICA,NÃO SE APLICA,NÃO SE APLICA,NÃO SE APLICA,SIM,NÃO SE APLICA,NÃO SE APLICA,,,,,,,,,,,,,,,,,,
6.18,ALVARÁ DE MURO (CABEDELO),,ADMINISTRATIVO,DOCUMENTAÇÃO,LAISA ,PRÉ-OBRA,NÃO SE APLICA,NÃO SE APLICA,NÃO SE APLICA,NÃO SE APLICA,NÃO SE APLICA,NÃO SE APLICA,NÃO SE APLICA,,,,,,,,,,,,,,,,,,
6.19,LICENÇA DE REMOÇÃO DE ÁRVORES (QUANDO APLICÁVEL),,ADMINISTRATIVO,DOCUMENTAÇÃO,LAISA ,PRÉ-OBRA,NÃO SE APLICA,NÃO SE APLICA,NÃO SE APLICA,NÃO SE APLICA,SIM,NÃO SE APLICA,NÃO SE APLICA,,,,,,,,,,,,,,,,,,
6.2,ANÁLISE PRÉVIA DA ANAC,,ADMINISTRATIVO,ENGENHARIA/ADMINISTRATIVO,LAISA/BIANCA,PRÉ-OBRA,NÃO SE APLICA,NÃO SE APLICA,NÃO SE APLICA,NÃO SE APLICA,NÃO SE APLICA,NÃO SE APLICA,NÃO SE APLICA,,,,,,,,,,,,,,,,,,
6.20,CADASTRO TÉCNICO FEDERAL- IBAMA,,ADMINISTRATIVO,DOCUMENTAÇÃO,LAISA ,PRÉ-OBRA,NÃO SE APLICA,NÃO SE APLICA,NÃO SE APLICA,NÃO SE APLICA,NÃO SE APLICA,NÃO SE APLICA,NÃO SE APLICA,,,,,,,,,,,,,,,,,,
6.22,COMUNICAÇÃO PRÉVIA DO INÍCIO DA OBRA JUNTO A DRT (DEPARTAMENTO REGIONAL DO TRABALHO) - CNO / DRT / SPO / CEI,para construções próximas a aeroportos ou áreas restritas,ADMINISTRATIVO,DOCUMENTAÇÃO,LAISA ,PRÉ-OBRA,SIM,SIM,SIM,SIM,SIM,SIM,SIM,,,,,,,,,,,,,,,,,,
6.23,LAUDO TÉCNICO NAS EDIFICAÇÕES E RESIDÊNCIAS VIZINHAS,Se houver necessidade de controle ambiental adicional,ENGENHARIA,ENGENHARIA,ENG. OBRA,PRÉ-OBRA,NÃO SE APLICA,NÃO SE APLICA,NÃO SE APLICA,NÃO SE APLICA,SIM,NÃO SE APLICA,NÃO SE APLICA,,,,,,,,,,,,,,,,,,
6.3,ANÁLISE PRÉVIA DA AGÊNCIA LOCAL DE TRÂNSITO,,ADMINISTRATIVO,DOCUMENTAÇÃO,LAISA,PRÉ-OBRA,NÃO SE APLICA,NÃO SE APLICA,NÃO SE APLICA,NÃO SE APLICA,ANDAMENTO,SIM,NÃO SE APLICA,,,,,,,,,,,,,,,,,,
6.4,REGISTRO DA SPE NO CREA E NO SIDUSCON ,Para cumprimento das normas trabalhistas e de segurança,ADMINISTRATIVO,DOCUMENTAÇÃO,LAMARCK,PRÉ-OBRA,NÃO SE APLICA,NÃO SE APLICA,NÃO SE APLICA,NÃO SE APLICA,NÃO SE APLICA,NÃO SE APLICA,NÃO SE APLICA,,,,,,,,,,,,,,,,,,
6.5,"PLACA DA OBRA PADRÃO C/ CREA, PROFISSIONAIS, NÚMEROS DOS ALVARÁS.",,ADMINISTRATIVO,DOCUMENTAÇÃO,LAISA,PRÉ-OBRA,NÃO SE APLICA,NÃO SE APLICA,NÃO SE APLICA,PENDENTE,PENDENTE,NÃO SE APLICA,NÃO SE APLICA,,,,,,,,,,,,,,,,,,
6.7,LP - LICENÇA PRÉVIA,quando há interferências viárias ou grandes empreendimentos,ADMINISTRATIVO,DOCUMENTAÇÃO,LAISA ,PRÉ-OBRA,NÃO SE APLICA,NÃO SE APLICA,NÃO SE APLICA,NÃO SE APLICA,ANDAMENTO,ANDAMENTO,SIM,,,,,,,,,,,,,,,,,,
6.8,ALVARÁ DE DEMOLIÇÃO (QUANDO APLICÁVEL),Se a obra for feita por uma empresa específica para o projeto,ADMINISTRATIVO,DOCUMENTAÇÃO,LAISA ,PRÉ-OBRA,NÃO SE APLICA,SIM,NÃO SE APLICA,NÃO SE APLICA,NÃO SE APLICA,NÃO SE APLICA,NÃO SE APLICA,,,,,,,,,,,,,,,,,,
6.9,ART DO RESPONSÁVEL TÉCNICO PELA EXECUÇÃO DA OBRA,,ADMINISTRATIVO,DOCUMENTAÇÃO,LAISA,PRÉ-OBRA,SIM,SIM,SIM,SIM,SIM,SIM,SIM,,,,,,,,,,,,,,,,,,
7,AÇÕES IMPORTANTES,Necessário para definir a categoria da obra e parâmetros técnicos,,,,,,,,,,,,,,,,,,,,,,,,,,,,,
7.1,INCLUIR CNPJ JUNTO A FORNECEDORES,Primeira fase do licenciamento ambiental (quando aplicável),COMPRAS,DOCUMENTAÇÃO,CLAUDIMERIO/DEYVID,PRÉ-OBRA,SIM,SIM,SIM,SIM,SIM,SIM,SIM,,,,,,,,,,,,,,,,,,
7.2,"INFORMAR POR E-MAIL SETORES SOBRE O FECHAMENTO DA OBRA (PLANEJAMENTO, COMPRAS, ADMINISTRATIVO E DIRETORIA)",,DIRETORIA,COMUNICAÇÃO,RAFAEL,PRÉ-OBRA,SIM,SIM,SIM,SIM,SIM,SIM,SIM,,,,,,,,,,,,,,,,,,
8,PLANEJAMENTO E APROVAÇÃO,,,,,,,,,,,,,,,,,,,,,,,,,,,,,,
8.1,DEFINIR ÁREA DE CANTEIRO PROVISÓRIO ,,ENGENHARIA,PLANEJAMENTO,ENG. OBRA,PRÉ-OBRA,NÃO SE APLICA,NÃO SE APLICA,NÃO SE APLICA,SIM,SIM,NÃO SE APLICA,NÃO SE APLICA,,,,,,,,,,,,,,,,,,
8.2,PLANEJAMENTO PRÉVIO DE PLACAS DE IDENTIFICAÇÃO DE MATERIAIS DA OBRA,,PATRIMÔNIO,ADMINISTRATIVA,LAISA,PRÉ-OBRA,NÃO SE APLICA,NÃO SE APLICA,NÃO SE APLICA,NÃO SE APLICA,ANDAMENTO,NÃO SE APLICA,NÃO SE APLICA,,,,,,,,,,,,,,,,,,
8.3,QUANTITATIVO,,PLANEJAMENTO,PLANEJAMENTO,BIANCA,PRÉ-OBRA,SIM,SIM,SIM,SIM,SIM,SIM,SIM,,,,,,,,,,,,,,,,,,
8.4,ORÇAMENTO DA OBRA ,,PLANEJAMENTO,PLANEJAMENTO,MATHEUS,PRÉ-OBRA,SIM,SIM,SIM,SIM,SIM,SIM,SIM,,,,,,,,,,,,,,,,,,
8.5,PLANEJAMENTO DA OBRA,"Determinar layout do canteiro, localização de depósitos, escritórios, refeitório, etc",PLANEJAMENTO,PLANEJAMENTO,BIANCA,PRÉ-OBRA,SIM,SIM,SIM,SIM,SIM,SIM,SIM,,,,,,,,,,,,,,,,,,
8.6,PLANO DE QUALIDADE DA OBRA,Garantir a sinalização adequada dos materiais e ambientes conforme normas de segurança e qualidade,PLANEJAMENTO,PLANEJAMENTO,MAURO,PRÉ-OBRA,SIM,NÃO SE APLICA,,SIM,PENDENTE,,,,,,,,,,,,,,,,,,,,
8.7,CÓPIA DO MANUAL DA QUALIDADE,"Levantamento detalhado dos insumos necessários para a execução da obra, baseado nos projetos.",PLANEJAMENTO,PLANEJAMENTO,MAURO,PRÉ-OBRA,SIM,,,NÃO SE APLICA,PENDENTE,,,,,,,,,,,,,,,,,,,,
8.8,CÓPIA PROCEDIMENTOS OPERACIONAIS,Definição e compatibilização dos custos antes da execução,PLANEJAMENTO,PLANEJAMENTO,MAURO,PRÉ-OBRA,SIM,,,NÃO SE APLICA,PENDENTE,,,,,,,,,,,,,,,,,,,,
8.9,CONTROLE TECNOLÓGICO DO CONCRETO,"Cronograma físico-financeiro, sequência de atividades, alocação de recursos, entre outros.",ENGENHARIA,ENGENHARIA,ENG. OBRA,EXECUÇÃO,SIM,SIM,SIM,SIM,SIM,SIM,SIM,,,,,,,,,,,,,,,,,,
9,INFRAESTRUTURA E RECURSOS,,,,,,,,,,,,,,,,,,,,,,,,,,,,,,
9.1,LIGAÇÃO PROVISÓRIA DE ÁGUA E ESGOTO,,ENGENHARIA,CANTEIRO,ENG. OBRA,EXECUÇÃO,SIM,SIM,SIM,SIM,SIM,SIM,SIM,,,,,,,,,,,,,,,,,,
9.2,ÁGUA POTÁVEL,,ENGENHARIA,CANTEIRO,ENG. OBRA,PRÉ-OBRA,SIM,SIM,SIM,SIM,SIM,SIM,SIM,,,,,,,,,,,,,,,,,,
9.3,LIGAÇÃO PROVISÓRIA DE ENERGIA ELÉTRICA,,ENGENHARIA,CANTEIRO,ENG. OBRA,EXECUÇÃO,SIM,SIM,SIM,SIM,SIM,SIM,SIM,,,,,,,,,,,,,,,,,,
9.4,INTERNET,,ENGENHARIA,CANTEIRO,ENG. OBRA,EXECUÇÃO,SIM,SIM,SIM,NÃO SE APLICA,SIM,SIM,SIM,,,,,,,,,,,,,,,,,,
,,,,,,,,,,,,,,,,,,,,,,,,,,,,,,,
,,,,,,,,,,,,,,,,,,,,,,,,,,,,,,,
,,,,,,,,,,,,,,,,,,,,,,,,,,,,,,,
,,caso necessário para controle e monitoramento da obra,,,,,,,,,,,,,,,,,,,,,,,,,,,,,
,,,,,,,,,,,,,,,,,,,,,,,,,,,,,,,
,ART DE CARGO E FUNÇÃO DO PROFISSIONAL RESPONSÁVEL PELA SPE NO CREA E VISTO (CASO EM OBRAS EM OUTRO ESTADO),,,,,,NÃO SE APLICA,NÃO SE APLICA,NÃO SE APLICA,,SIM,,,,,NÃO SE APLICA,,NÃO SE APLICA,NÃO SE APLICA,PENDENTE,,,,,,,,,,,NÃO SE APLICA
,OBSERVAÇÕES:,,,,,,,,,,,,,,,,,,,,,,,,,,,,,,
,(1) Documentos necessários para tirar escritura do terreno em nome da SPE (se for um único terreno ou lote):,,,,,,,,,,,,,,,,,,,,,,,,,,,,,,
,Caso seja um único lote:,,,,,,,,,,,,,,,,,,,,,,,,,,,,,,
,·  ITBI (solicitar ao despachante);,,,,,,,,,,,,,,,,,,,,,,,,,,,,,,
,·  Certidão de registro de imóveis (anterior a 60 dias da data de entrada): No cartório de registro da competência do imóvel;,,,,,,,,,,,,,,,,,,,,,,,,,,,,,,
,Para mais de um lote também é necessário:,,,,,,,,,,,,,,,,,,,,,,,,,,,,,,
,·  Remembramento:,,,,,,,,,,,,,,,,,,,,,,,,,,,,,,
,·  Escritura dos lotes;,,,,,,,,,,,,,,,,,,,,,,,,,,,,,,
,·  Alvará de remembramento;,,,,,,,,,,,,,,,,,,,,,,,,,,,,,,
,"·  Ficha de avaliação da prefeitura (se necessário). Na escritura, a soma dos valores dos terrenos maior que R$ 950.000,00 não é necessário.",,,,,,,,,,,,,,,,,,,,,,,,,,,,,,
,,,,,,,,,,,,,,,,,,,,,,,,,,,,,,,
,(2) Documentos necessários para entrada do Registro de Incorporação (RI):,,,,,,,,,,,,,,,,,,,,,,,,,,,,,,
,- Quadros da NBR-12721,,,,,,,,,,,,,,,,,,,,,,,,,,,,,,
,·  Minuta da convenção de condomínio;,,,,,,,,,,,,,,,,,,,,,,,,,,,,,,
,·  Minuta do regimento interno;,,,,,,,,,,,,,,,,,,,,,,,,,,,,,,
,·  Quadros de I a VIII;,,,,,,,,,,,,,,,,,,,,,,,,,,,,,,
,·  Memorial descritivo.,,,,,,,,,,,,,,,,,,,,,,,,,,,,,,
,- Jogo de plantas aprovadas pela prefeitura com vagas de garagem numeradas e identificadas;,,,,,,,,,,,,,,,,,,,,,,,,,,,,,,
,- Escritura do terreno;,,,,,,,,,,,,,,,,,,,,,,,,,,,,,,
,- Declaração de idoneidade financeira;,,,,,,,,,,,,,,,,,,,,,,,,,,,,,,
,- Certidões negativas:,,,,,,,,,,,,,,,,,,,,,,,,,,,,,,
,·  INSS;,,,,,,,,,,,,,,,,,,,,,,,,,,,,,,
,·  Dívida ativa da união;,,,,,,,,,,,,,,,,,,,,,,,,,,,,,,
,"·  Débitos municipais, estaduais e federais;",,,,,,,,,,,,,,,,,,,,,,,,,,,,,,
,·  Protestos perante os cartórios;,,,,,,,,,,,,,,,,,,,,,,,,,,,,,,
,·  Distribuição de natureza civil e criminal;,,,,,,,,,,,,,,,,,,,,,,,,,,,,,,
,·  Guias de recolhimento.,,,,,,,,,,,,,,,,,,,,,,,,,,,,,,
,- Certidão negativa de protesto (nos cartórios de protesto);,,,,,,,,,,,,,,,,,,,,,,,,,,,,,,
,- Certidão negativa de distribuição de ações cíveis e criminais;,,,,,,,,,,,,,,,,,,,,,,,,,,,,,,
,·  Justiça federal (solicitação pela Internet);,,,,,,,,,,,,,,,,,,,,,,,,,,,,,,
,·  Justiça Estadual (solicitação no Fórum Cível).,,,,,,,,,,,,,,,,,,,,,,,,,,,,,,
,- Declaração dos imóveis prometidos para permuta de área (no caso de permuta);,,,,,,,,,,,,,,,,,,,,,,,,,,,,,,
,,,,,,,,,,,,,,,,,,,,,,,,,,,,,,,
,Cobrar mais ,,,,,,,,,,,,,,,,,,,,,,,,,,,,,,